"浦和校エクセレントフィートSS J特進3-4年(金)","https://casq-efss.hacomono.jp/register/?h_studio_code=E1101&h_mt1=1"
"浦和校エクセレントフィートSS J特進5-6年(金)","https://casq-efss.hacomono.jp/register/?h_studio_code=E1101&h_mt2=2"
"浦和校エクセレントフィートSS トレーニング1-2年(金)","https://casq-efss.hacomono.jp/register/?h_studio_code=E1101&h_mt3=3"
"浦和校エクセレントフィートSS トレーニング3-4年(火)","https://casq-efss.hacomono.jp/register/?h_studio_code=E1101&h_mt4=4"
"浦和校エクセレントフィートSS トレーニング5-6年(火)","https://casq-efss.hacomono.jp/register/?h_studio_code=E1101&h_mt5=5"
"浦和校エクセレントフィートSS 選抜1-2年(火)","https://casq-efss.hacomono.jp/register/?h_studio_code=E1101&h_mt6=6"
"浦和校エクセレントフィートSS 選抜3-4年(火)","https://casq-efss.hacomono.jp/register/?h_studio_code=E1101&h_mt7=7"
"浦和校エクセレントフィートSS 選抜3-4年(金)","https://casq-efss.hacomono.jp/register/?h_studio_code=E1101&h_mt8=8"
"浦和校エクセレントフィートSS 選抜5-6年(火)","https://casq-efss.hacomono.jp/register/?h_studio_code=E1101&h_mt9=9"
"浦和校エクセレントフィートSS 選抜5-6年(金)","https://casq-efss.hacomono.jp/register/?h_studio_code=E1101&h_mt10=10"
"浦和校エクセレントフィートSS 年中-年長クラス(金)","https://casq-efss.hacomono.jp/register/?h_studio_code=E1101&h_mt11=11"
"浦和校エクセレントフィートSS 3-6年GKクラス(木)","https://casq-efss.hacomono.jp/register/?h_studio_code=E1101&h_mt12=12"
"浦和校キャスク2-4年(水)","https://casq-efss.hacomono.jp/register/?h_studio_code=S1101&h_mt13=13"
"浦和校キャスク4-5年(水)","https://casq-efss.hacomono.jp/register/?h_studio_code=S1101&h_mt14=14"
"浦和校キャスク5-6年・中学生(水)","https://casq-efss.hacomono.jp/register/?h_studio_code=S1101&h_mt15=15"
"大宮校エクセレントフィートSS J特進3-4年(金)","https://casq-efss.hacomono.jp/register/?h_studio_code=E1102&h_mt16=16"
"大宮校エクセレントフィートSS J特進5-6年(金)","https://casq-efss.hacomono.jp/register/?h_studio_code=E1102&h_mt17=17"
"大宮校エクセレントフィートSS トレーニング1-2年(火)","https://casq-efss.hacomono.jp/register/?h_studio_code=E1102&h_mt18=18"
"大宮校エクセレントフィートSS トレーニング3-4年(火)","https://casq-efss.hacomono.jp/register/?h_studio_code=E1102&h_mt19=19"
"大宮校エクセレントフィートSS トレーニング5-6年(火)","https://casq-efss.hacomono.jp/register/?h_studio_code=E1102&h_mt20=20"
"大宮校エクセレントフィートSS ラヴィータ特進4-6年(木)","https://casq-efss.hacomono.jp/register/?h_studio_code=E1102&h_mt21=21"
"大宮校エクセレントフィートSS 選抜1-2年(金)","https://casq-efss.hacomono.jp/register/?h_studio_code=E1102&h_mt22=22"
"大宮校エクセレントフィートSS 選抜3-4年(金)","https://casq-efss.hacomono.jp/register/?h_studio_code=E1102&h_mt23=23"
"大宮校エクセレントフィートSS 選抜5-6年(金)","https://casq-efss.hacomono.jp/register/?h_studio_code=E1102&h_mt24=24"
"大宮校キャスク2-4年(木)","https://casq-efss.hacomono.jp/register/?h_studio_code=S1105&h_mt25=25"
"大宮校キャスク5-6年・中学生(木)","https://casq-efss.hacomono.jp/register/?h_studio_code=S1105&h_mt26=26"
"川口校エクセレントフィートSS トレーニング1-3年(木)","https://casq-efss.hacomono.jp/register/?h_studio_code=E1103&h_mt27=27"
"川口校エクセレントフィートSS トレーニング4-6年(木)","https://casq-efss.hacomono.jp/register/?h_studio_code=E1103&h_mt28=28"
"川口校エクセレントフィートSS 選抜3-4年(火)","https://casq-efss.hacomono.jp/register/?h_studio_code=E1103&h_mt29=29"
"川口校エクセレントフィートSS 選抜5-6年(火)","https://casq-efss.hacomono.jp/register/?h_studio_code=E1103&h_mt30=30"
"川口校キャスク2-4年(月)","https://casq-efss.hacomono.jp/register/?h_studio_code=S1103&h_mt31=31"
"川口校キャスク2-4年(水)","https://casq-efss.hacomono.jp/register/?h_studio_code=S1103&h_mt32=32"
"川口校キャスク4-5年(水)","https://casq-efss.hacomono.jp/register/?h_studio_code=S1103&h_mt33=33"
"川口校キャスク5-6年(月)","https://casq-efss.hacomono.jp/register/?h_studio_code=S1103&h_mt34=34"
"川口校キャスク5-6年・中学生(水)","https://casq-efss.hacomono.jp/register/?h_studio_code=S1103&h_mt35=35"
"川口校キャスク中学生(月)","https://casq-efss.hacomono.jp/register/?h_studio_code=S1103&h_mt36=36"
"与野校キャスク2-4年(水)","https://casq-efss.hacomono.jp/register/?h_studio_code=S1104&h_mt37=37"
"与野校キャスク5-6年・中学生(水)","https://casq-efss.hacomono.jp/register/?h_studio_code=S1104&h_mt38=38"
"南浦和校キャスク2-4年(月)","https://casq-efss.hacomono.jp/register/?h_studio_code=S1102&h_mt39=39"
"南浦和校キャスク5-6年・中学生(月)","https://casq-efss.hacomono.jp/register/?h_studio_code=S1102&h_mt40=40"
"所沢校エクセレントフィートSS キッズアカデミー所沢支部(月)","https://casq-efss.hacomono.jp/register/?h_studio_code=K1102&h_mt42=42"
"所沢校キャスク1-4年(水)","https://casq-efss.hacomono.jp/register/?h_studio_code=S1108&h_mt43=43"
"所沢校キャスク4-6年・中学生(水)","https://casq-efss.hacomono.jp/register/?h_studio_code=S1108&h_mt44=44"
"所沢校エクセレントフィートSS トレーニング1-2年(火)","https://casq-efss.hacomono.jp/register/?h_studio_code=E1104&h_mt45=45"
"所沢校エクセレントフィートSS トレーニング3-4年(火)","https://casq-efss.hacomono.jp/register/?h_studio_code=E1104&h_mt46=46"
"所沢校エクセレントフィートSS トレーニング5-6年(火)","https://casq-efss.hacomono.jp/register/?h_studio_code=E1104&h_mt47=47"
"所沢校エクセレントフィートSS 選抜兼ラヴィータ特進3-4年(月)","https://casq-efss.hacomono.jp/register/?h_studio_code=E1104&h_mt48=48"
"所沢校エクセレントフィートSS 選抜兼ラヴィータ特進5-6年(月)","https://casq-efss.hacomono.jp/register/?h_studio_code=E1104&h_mt49=49"
"キッズさいたま支部(ｴｸｾﾚﾝﾄﾌｨｰﾄ)キッズアカデミーさいたま支部","https://casq-efss.hacomono.jp/register/?h_studio_code=K1101&h_mt51=51"
"朝霞校キャスク1-4年(金)","https://casq-efss.hacomono.jp/register/?h_studio_code=S1106&h_mt52=52"
"朝霞校キャスク4-6年・中学生(金)","https://casq-efss.hacomono.jp/register/?h_studio_code=S1106&h_mt53=53"
"ふじみ野校キャスク1-4年(月)","https://casq-efss.hacomono.jp/register/?h_studio_code=S1110&h_mt54=54"
"ふじみ野校キャスク4-6年・中学生(月)","https://casq-efss.hacomono.jp/register/?h_studio_code=S1110&h_mt55=55"
"川越校キャスク1-4年(火)","https://casq-efss.hacomono.jp/register/?h_studio_code=S1111&h_mt56=56"
"川越校キャスク4-6年・中学生(火)","https://casq-efss.hacomono.jp/register/?h_studio_code=S1111&h_mt57=57"
"越谷校エクセレントフィートSS J特進3-4年(金)","https://casq-efss.hacomono.jp/register/?h_studio_code=E1105&h_mt58=58"
"越谷校エクセレントフィートSS J特進5-6年(金)","https://casq-efss.hacomono.jp/register/?h_studio_code=E1105&h_mt59=59"
"入間校キャスク1-4年(月)","https://casq-efss.hacomono.jp/register/?h_studio_code=S1109&h_mt60=60"
"入間校キャスク4-6年・中学生(月)","https://casq-efss.hacomono.jp/register/?h_studio_code=S1109&h_mt61=61"
"坂戸校キャスク1-4年(木)","https://casq-efss.hacomono.jp/register/?h_studio_code=S1115&h_mt64=64"
"坂戸校キャスク4-6年・中学生(木)","https://casq-efss.hacomono.jp/register/?h_studio_code=S1115&h_mt65=65"
"鴻巣校キャスク1-4年(木)","https://casq-efss.hacomono.jp/register/?h_studio_code=S1113&h_mt66=66"
"鴻巣校キャスク4-6年・中学生(木)","https://casq-efss.hacomono.jp/register/?h_studio_code=S1113&h_mt67=67"
"三郷吉川校キャスク1-3年(土)","https://casq-efss.hacomono.jp/register/?h_studio_code=S1107&h_mt68=68"
"三郷吉川校キャスク4-6年(土)","https://casq-efss.hacomono.jp/register/?h_studio_code=S1107&h_mt69=69"
"宮城長町校キャスク3-4年(月)","https://casq-efss.hacomono.jp/register/?h_studio_code=S0401&h_mt70=70"
"宮城長町校キャスク5-6年・中学生(月)","https://casq-efss.hacomono.jp/register/?h_studio_code=S0401&h_mt71=71"
"宮城富谷校キャスク3-4年(水)","https://casq-efss.hacomono.jp/register/?h_studio_code=S0403&h_mt74=74"
"宮城富谷校キャスク5-6年・中学生(水)","https://casq-efss.hacomono.jp/register/?h_studio_code=S0403&h_mt75=75"
"高崎校キャスク1-4年(水)","https://casq-efss.hacomono.jp/register/?h_studio_code=S1001&h_mt76=76"
"高崎校キャスク4-6年・中学生(水)","https://casq-efss.hacomono.jp/register/?h_studio_code=S1001&h_mt77=77"
"上田校キャスク1-4年(火)","https://casq-efss.hacomono.jp/register/?h_studio_code=S2001&h_mt78=78"
"諏訪校キャスク1-4年(金)","https://casq-efss.hacomono.jp/register/?h_studio_code=S2002&h_mt79=79"
"諏訪校キャスク4-6年・中学生(金)","https://casq-efss.hacomono.jp/register/?h_studio_code=S2002&h_mt80=80"
"国分寺校キャスク2-4年(木)","https://casq-efss.hacomono.jp/register/?h_studio_code=S1301&h_mt81=81"
"国分寺校キャスク4-5年(木)","https://casq-efss.hacomono.jp/register/?h_studio_code=S1301&h_mt82=82"
"国分寺校キャスク5-6年・中学生(木)","https://casq-efss.hacomono.jp/register/?h_studio_code=S1301&h_mt83=83"
"東陽町校キャスク2-4年(月)","https://casq-efss.hacomono.jp/register/?h_studio_code=S1302&h_mt84=84"
"東陽町校キャスク4-5年(月)","https://casq-efss.hacomono.jp/register/?h_studio_code=S1302&h_mt85=85"
"東陽町校キャスク5-6年・中学生(月)","https://casq-efss.hacomono.jp/register/?h_studio_code=S1302&h_mt86=86"
"西東京校キャスク2-4年(火)","https://casq-efss.hacomono.jp/register/?h_studio_code=S1304&h_mt90=90"
"西東京校キャスク5-6年・中学生(火)","https://casq-efss.hacomono.jp/register/?h_studio_code=S1304&h_mt91=91"
"白金校キャスク1-2年(金)","https://casq-efss.hacomono.jp/register/?h_studio_code=S1308&h_mt92=92"
"白金校キャスク3-4年(金)","https://casq-efss.hacomono.jp/register/?h_studio_code=S1308&h_mt93=93"
"白金校キャスク5-6年・中学生(金)","https://casq-efss.hacomono.jp/register/?h_studio_code=S1308&h_mt94=94"
"多摩センター校キャスク2-4年(水)","https://casq-efss.hacomono.jp/register/?h_studio_code=S1305&h_mt95=95"
"多摩センター校キャスク5-6年・中学生(水)","https://casq-efss.hacomono.jp/register/?h_studio_code=S1305&h_mt96=96"
"町田校キャスク2-4年(月)","https://casq-efss.hacomono.jp/register/?h_studio_code=S1303&h_mt97=97"
"町田校キャスク4-5年(月)","https://casq-efss.hacomono.jp/register/?h_studio_code=S1303&h_mt98=98"
"町田校キャスク5-6年・中学生(月)","https://casq-efss.hacomono.jp/register/?h_studio_code=S1303&h_mt99=99"
"八王子校キャスク1-4年(金)","https://casq-efss.hacomono.jp/register/?h_studio_code=S1307&h_mt100=100"
"八王子校キャスク4-6年・中学生(金)","https://casq-efss.hacomono.jp/register/?h_studio_code=S1307&h_mt101=101"
"新百合ヶ丘校キャスク1-3年(月)","https://casq-efss.hacomono.jp/register/?h_studio_code=S1403&h_mt102=102"
"新百合ヶ丘校キャスク4-5年(月)","https://casq-efss.hacomono.jp/register/?h_studio_code=S1403&h_mt103=103"
"新百合ヶ丘校キャスク5年-中学生(月)","https://casq-efss.hacomono.jp/register/?h_studio_code=S1403&h_mt104=104"
"平塚校キャスク2-4年(月)","https://casq-efss.hacomono.jp/register/?h_studio_code=S1404&h_mt105=105"
"平塚校キャスク5-6年・中学生(月)","https://casq-efss.hacomono.jp/register/?h_studio_code=S1404&h_mt106=106"
"平塚校エクセレントフィートSS 選抜3-4年(水)","https://casq-efss.hacomono.jp/register/?h_studio_code=E1401&h_mt107=107"
"平塚校エクセレントフィートSS 選抜5-6年(水)","https://casq-efss.hacomono.jp/register/?h_studio_code=E1401&h_mt108=108"
"川崎校キャスク1-3年(火)","https://casq-efss.hacomono.jp/register/?h_studio_code=S1401&h_mt111=111"
"川崎校キャスク2-4年(金)","https://casq-efss.hacomono.jp/register/?h_studio_code=S1401&h_mt112=112"
"川崎校キャスク4-5年(火)","https://casq-efss.hacomono.jp/register/?h_studio_code=S1401&h_mt113=113"
"川崎校キャスク4-5年(金)","https://casq-efss.hacomono.jp/register/?h_studio_code=S1401&h_mt114=114"
"川崎校キャスク5-6年・中学生(火)","https://casq-efss.hacomono.jp/register/?h_studio_code=S1401&h_mt115=115"
"川崎校キャスク5-6年・中学生(金)","https://casq-efss.hacomono.jp/register/?h_studio_code=S1401&h_mt116=116"
"市川校キャスク1-4年(月)","https://casq-efss.hacomono.jp/register/?h_studio_code=S1202&h_mt117=117"
"市川校キャスク4-6年・中学生(月)","https://casq-efss.hacomono.jp/register/?h_studio_code=S1202&h_mt118=118"
"イオンモール木更津校キャスク3-4年(火)","https://casq-efss.hacomono.jp/register/?h_studio_code=S1205&h_mt119=119"
"イオンモール木更津校キャスク5-6年・中学生(火)","https://casq-efss.hacomono.jp/register/?h_studio_code=S1205&h_mt120=120"
"モラージュ柏校キャスク2-4年生(木)","https://casq-efss.hacomono.jp/register/?h_studio_code=S1201&h_mt121=121"
"モラージュ柏校キャスク5-6年生・中学生(木)","https://casq-efss.hacomono.jp/register/?h_studio_code=S1201&h_mt122=122"
"柏校キャスク2-4年(月)","https://casq-efss.hacomono.jp/register/?h_studio_code=S1206&h_mt123=123"
"柏校キャスク4-6年・中学生(月)","https://casq-efss.hacomono.jp/register/?h_studio_code=S1206&h_mt124=124"
"柏校エクセレントフィートSS 選抜3-4年(火)","https://casq-efss.hacomono.jp/register/?h_studio_code=E1201&h_mt125=125"
"柏校エクセレントフィートSS 選抜5-6年(火)","https://casq-efss.hacomono.jp/register/?h_studio_code=E1201&h_mt126=126"
"印旛校キャスク3-4年(水)","https://casq-efss.hacomono.jp/register/?h_studio_code=S1204&h_mt127=127"
"印旛校キャスク5-6年・中学生(水)","https://casq-efss.hacomono.jp/register/?h_studio_code=S1204&h_mt128=128"
"幕張校キャスク2-4年(水)","https://casq-efss.hacomono.jp/register/?h_studio_code=S1203&h_mt129=129"
"幕張校キャスク4-6年・中学生(水)","https://casq-efss.hacomono.jp/register/?h_studio_code=S1203&h_mt130=130"
"大阪天下茶屋校キャスク2-4年生(月)","https://casq-efss.hacomono.jp/register/?h_studio_code=S2701&h_mt131=131"
"大阪天下茶屋校キャスク5-6・中年生(月)","https://casq-efss.hacomono.jp/register/?h_studio_code=S2701&h_mt132=132"
"岡山校キャスク1-3年(月)","https://casq-efss.hacomono.jp/register/?h_studio_code=S3301&h_mt133=133"
"岡山校キャスク4年-中学生(月)","https://casq-efss.hacomono.jp/register/?h_studio_code=S3301&h_mt134=134"
"福岡西校キャスク1-4年(木)","https://casq-efss.hacomono.jp/register/?h_studio_code=S4003&h_mt135=135"
"福岡西校キャスク4-5年生(木)","https://casq-efss.hacomono.jp/register/?h_studio_code=S4003&h_mt136=136"
"福岡西校キャスク5-中学生(木)","https://casq-efss.hacomono.jp/register/?h_studio_code=S4003&h_mt137=137"
"福岡東校キャスク1-4年(水)","https://casq-efss.hacomono.jp/register/?h_studio_code=S4002&h_mt138=138"
"福岡東校キャスク5年-中学生(水)","https://casq-efss.hacomono.jp/register/?h_studio_code=S4002&h_mt139=139"
"博多校キャスク2-4年(金)","https://casq-efss.hacomono.jp/register/?h_studio_code=S4001&h_mt140=140"
"博多校キャスク2-4年(月)","https://casq-efss.hacomono.jp/register/?h_studio_code=S4001&h_mt141=141"
"博多校キャスク4-5年(月)","https://casq-efss.hacomono.jp/register/?h_studio_code=S4001&h_mt142=142"
"博多校キャスク5-6年・中学生(金)","https://casq-efss.hacomono.jp/register/?h_studio_code=S4001&h_mt143=143"
"博多校キャスク5-6年・中学生(月)","https://casq-efss.hacomono.jp/register/?h_studio_code=S4001&h_mt144=144"
"エクセレントフィートFC所沢キャスク","https://casq-efss.hacomono.jp/register/?h_studio_code=E1106&h_mt145=145"
"平塚校キャスク4-5年(月)","https://casq-efss.hacomono.jp/register/?h_studio_code=S1404&h_mt146=146"
"福岡東校キャスク1-4年(火)","https://casq-efss.hacomono.jp/register/?h_studio_code=S4002&h_mt147=147"
"福岡東校キャスク5年-中学生(火)","https://casq-efss.hacomono.jp/register/?h_studio_code=S4002&h_mt148=148"
"福岡東校キャスク4-5年(水)","https://casq-efss.hacomono.jp/register/?h_studio_code=S4002&h_mt149=149"
"流山おおたかの森校キャスク1-4年(土)","https://casq-efss.hacomono.jp/register/?h_studio_code=S1207&h_mt150=150"
"流山おおたかの森校キャスク5年-中学生(土)","https://casq-efss.hacomono.jp/register/?h_studio_code=S1207&h_mt151=151"
"伊勢崎校キャスク1-4年(月)","https://casq-efss.hacomono.jp/register/?h_studio_code=S1002&h_mt152=152"
"伊勢崎校キャスク4-6年・中学生(月)","https://casq-efss.hacomono.jp/register/?h_studio_code=S1002&h_mt153=153"
"新座校キャスク1-4年(月)","https://casq-efss.hacomono.jp/register/?h_studio_code=S1116&h_mt154=154"
"新座校キャスク4-6年・中学生(月)","https://casq-efss.hacomono.jp/register/?h_studio_code=S1116&h_mt155=155"
"淀川校キャスク2-4年(火)","https://casq-efss.hacomono.jp/register/?h_studio_code=S2702&h_mt156=156"
"淀川校キャスク5-6年・中学生(火)","https://casq-efss.hacomono.jp/register/?h_studio_code=S2702&h_mt157=157"
"西九条校キャスク2-4年(水)","https://casq-efss.hacomono.jp/register/?h_studio_code=S2703&h_mt158=158"
"西九条校キャスク5-6年・中学生(水)","https://casq-efss.hacomono.jp/register/?h_studio_code=S2703&h_mt159=159"
"茨木校キャスク2-4年(木)","https://casq-efss.hacomono.jp/register/?h_studio_code=S2704&h_mt160=160"
"茨木校キャスク5-6年・中学生(木)","https://casq-efss.hacomono.jp/register/?h_studio_code=S2704&h_mt161=161"
"岡山校キャスク年中-1年(金)","https://casq-efss.hacomono.jp/register/?h_studio_code=S3301&h_mt162=162"
"岡山校キャスク2年-6年・中学生(金)","https://casq-efss.hacomono.jp/register/?h_studio_code=S3301&h_mt163=163"
